[
    {
        "filter_name": "oplus_adfr_config"
    },
    {
        "version": 20251023
    },
    {
        "sub_version": "20251023"
    },
    {
        "feature_hybrid_acc" : true,
        "stablize_enable" : true
    },
    {
        "touch_idle": true,
        "hw_enable": true,
        "sw_enable": true,
        "mvt_enable": true,
        "sw_whitelist_3rd": {
            "com.ss.android.ugc.aweme": [30],
            "com.ss.android.ugc.aweme.lite":[30],
            "com.ss.android.ugc.live":[30],
            "com.smile.gifmaker": [30],
            "com.kuaishou.nebula":[30],
            "com.tencent.wemeet.app":[30]
        },
        "adfr_enable": false,
        "timeout": 2500,
        "content_threshold":10,
        "content_gap_ms":800,
        "content_gap_loop_percent":25,
        "hw_nit_limit":110,
        "hw_nit_limit_pwm": 110,
        "histogram_enable": true,
        "hist_data_enable": false,
        "hist_sampler_interval": 2000,
        "hw_nit_lower_limit_light": [30,50,90,110],
        "hist_low_gray_ratio_light": [0.50,0.70,0.70],
        "hist_max_gray_ratio_light": [0.30,0.70,0.70],
        "hist_calc_low_bit_light": [0,0,0],
        "hist_calc_high_bit_light": [6,4,4],
        "hw_nit_lower_limit_dark": [30,50,150,600,2000],
        "hist_low_gray_ratio_dark": [0.50,0.70,0.70,1],
        "hist_max_gray_ratio_dark": [0.30,0.70,0.50,1],
        "hist_calc_low_bit_dark": [0,0,0,0],
        "hist_calc_high_bit_dark": [6,4,2,0],
        "activity_blacklist": [
            "com.tencent.mm.framework.app.UIPageFragmentActivity",
            "com.alipay.mobile.onsitepay.merge.OnsitepayActivity"
        ],
        "blacklist": [
            "com.oplus.engineermode",
            "com.antutu.ABenchMark",
            "com.antutu.benchmark.full",
            "com.ludashi.benchmark2",
            "com.ludashi.benchmark",
            "com.tencent.tmgp.speedmobile",
            "com.tencent.af",
            "com.netease.blqx.nearme.gamecenter",
            "com.netease.lztg.nearme.gamecenter",
            "com.pwrd.xxajh.nearme.gamecenter",
            "com.netease.blqx",
            "com.netease.lztg",
            "com.tencent.ig",
            "com.tencent.lolm",
            "com.ChillyRoom.DungeonShooter",
            "com.ChillyRoom.nearme.gamecenter",
            "com.tencent.tmgp.yqqskp",
            "com.riotgames.league.wildrift",
            "com.riotgames.internal.wildrift.trunk",
            "com.riotgames.internal.wildrift.test",
            "com.riotgames.league.wildriftvn",
            "com.riotgames.league.wildrifttw",
            "com.tencent.tmgp.sgame",
            "com.tencent.tmgp.cf",
            "com.tencent.tmgp.pubgmhd",
            "com.pubg.krmobile",
            "com.vng.pubgmobile",
            "com.pubg.imobile",
            "com.rekoo.pubgm",
            "com.tencent.tmgp.projectg",
            "com.tencent.igce",
            "com.tencent.iglite",
            "com.tencent.tmgp.sgamece",
            "com.tencent.KiHan",
            "com.tencent.tmgp.KiHan",
            "com.netease.yokaikoya",
            "com.miHoYo.enterprise.NGHSoD",
            "com.miHoYo.bh3.nearme.gamecenter",
            "com.miHoYo.Yuanshen",
            "com.miHoYo.ys.bilibili",
            "com.tencent.tmgp.eyou.ygwu",
            "com.netease.yokaikoya.nearme.gamecenter",
            "com.tencent.YiRen",
            "com.netease.wptqz",
            "com.bilibili.fatego",
            "com.netease.jddsaef",
            "com.netease.jddsaef.nearme.gamecenter",
            "com.tencent.tmgp.jddsaef",
            "com.tencent.tmgp.yongyong.lztg",
            "com.tencent.tmgp.eyou.blqx",
            "com.pwrd.xxajh.laohu",
            "com.tencent.tmgp.xxajh",
            "com.tencent.tmgp.eyou.blqx",
            "com.netease.moba.nearme.gamecenter",
            "com.tencent.tmgp.kaopu.jzpaj",
            "com.tencent.tmgp.kaopu.jzpaj",
            "com.pwrd.xsmdl.laohu",
            "com.xsmdl.nearme.gamecenter",
            "com.tencent.tmgp.xsmdl",
            "com.youzu.bs",
            "com.youzu.bs.nearme.gamecenter",
            "com.yingxiong.dftk.nearme.gamecenter",
            "com.yunbu.rehtona.nearme.gamecenter",
            "com.denachina.g13002010.denacn",
            "com.denachina.g13002010.nearme.gamecenter",
            "com.volvapps.ef5.x.nearme.gamecenter",
            "com.tencent.tmgp.ef5",
            "com.tencent.tmgp.hqxy",
            "com.netease.x19",
            "com.tencent.tmgp.wdsj666",
            "com.netease.mc.nearme.gamecenter",
            "com.palmpi.hcollege.nearme.gamecenter",
            "com.palmpi.hcollege.feiyu",
            "com.tencent.tmgp.supercell.brawlstars",
            "com.ztgame.bob",
            "com.ztgame.bob.op.nearme.gamecenter",
            "com.netease.hyxd.nearme.gamecenter",
            "com.netease.dwrg.nearme.gamecenter",
            "com.android.packageinstaller",
            "com.oplus.appdetail",
            "com.bairimeng.dmmdzz",
            "com.bairimeng.dmmdzz.nearme.gamecenter",
            "com.tencent.tmgp.bairimeng.dmmdzz",
            "com.tencent.tmgp.WePop",
            "com.tencent.mf.uam",
            "com.netease.g67.nearme.gamecenter",
            "com.minitech.miniworld.nearme.gamecenter",
            "com.bilibili.hunter3.nearme.gamecenter",
            "com.netease.aceracer.nearme.gamecenter",
            "com.tencent.tmgp.gnyx",
            "com.supercell.brawlstars",
            "com.tencent.qqspmi",
            "com.tencent.tmgp.cod",
            "com.garena.game.codm",
            "com.activision.callofduty.shooter",
            "com.wepie.snake.nearme.gamecenter",
            "com.netease.harrypotter.nearme.gamecenter",
            "com.netease.sky.nearme.gamecenter",
            "com.netease.allstar",
            "com.tencent.jkchess",
            "com.sgshd.nearme.gamecenter",
            "com.bf.sgs.hdexp",
            "nn4.nearme.gamecenter",
            "com.papegames.nn4.cn",
            "com.tencent.cookie"
        ],
        "sw_negligible_overlay": [
            "StatusBar",
            "NavigationBar",
            "ScreenDecorOverlay",
            "OplusOSEdge",
            "Sprite",
            "AssistOverlay",
            "RefreshRateOverlay",
            "Letterbox -",
            "GameFloatBarView",
            "game-sdk-buoy",
            "GamesFloatBar",
            "autotest",
            "OplusPrivacyIconTop",
            "GameSpaceFloat",
            "AndroidSysAppPromoniter",
            "ColorOSEdgePanel",
            "WatermarkSurface",
            "oplus_accessibilityassistant_window",
            "DecorNavBarBg"
        ]
    },
    {
        "cvt": true
    },
    {
        "frtc": true
    },
    {
        "mvt": true,
        "mvt_fps_strategy": [
            {
                "mvt_mode": 165,
                "mvt_render": 55
            }
        ]
    },
    {
        "refreshrate_director": true
    },
    {
        "vrr_info_record": true,
        "panel_idle_time": 70,
        "sf_idle_time": 1000,
        "max_mixerlayernum" : 11,
        "sf_framerate_ranges": [
            "120",
            "90",
            "60",
            "30",
            "10"
        ],
        "frtc_framerate_ranges": [
            "120",
            "90",
            "60",
            "30"
        ],
        "partial_refresh_ratios": [
            "30",
            "50",
            "70",
            "90",
            "99",
            "100"
        ]
    },
    {
        "deferred_mode_change": true
    },
    {
        "touch_frame_change": true,
        "strategy": 1,
        "frtc_capability": 120,
        "whitelist": [
        ],
        "blacklist": [
            "com.android.systemui",
            "com.android.launcher"
        ],
        "min_framerate_map": {
        }
    },
    {
        "debug_overlay": [
            "1",
            "1",
            "170",
            "-1",
            "2",
            "1",
            "3",
            "5",
            "5",
            "8",
            "10",
            "10",
            "13",
            "16",
            "15"
        ]
    },
    {
        "record_reduce_rate_config": {
            "wifi:": 2,
            "virtual:com.coloros.sharescreen": 2,
            "virtual:com.oplus.screenrecorder": 3
        }
    },
    {
        "limit_fps_when_app_exit": true,
        "blacklist": [
            "com.heytap.speechassist",
            "com.oplus.camera",
            "com.oplus.gesture"
        ]
    },
    {
        "oplus_test":true,
        "blacklist": [
            "com.android.cts.graphics.displaymode",
            "android.display.cts",
            "com.android.cts.verifier.tv.display",
            "android.gameframerate.cts",
            "android.graphics.cts",
            "android.view.cts",
            "android.view.surfacecontrol.cts"
        ]
    },
    {
        "game_dynamic_te_enable":true,
        "game_dynamic_te_complex_mode_config":true,
        "whitelist": [
            "com.tencent.tmgp.sgame",
            "com.miHoYo.yuanshencb",
            "com.miHoYo.Yuanshen",
            "com.miHoYo.ys.bilibili",
            "com.miHoYo.GenshinImpact",
            "com.miHoYo.ys.mi",
            "com.miHoYo.enterprise.HK4E",
            "com.kurogame.mingchao"
        ],
        "game_dynamic_te_mode":[60,120]
    },
    {
        "big_data": true,
        "re_cache_miss": true,
        "collect_re_shader_param": true,
        "re_shader_allowlist": [
            638417113,
            4207557675,
            420755767,
            415027858,
            410330816,
            407612120,
            405691820,
            402302862,
            387722372,
            3808645499,
            358565561,
            344225646,
            342131533,
            340839943,
            337900611,
            337111203,
            3314007645,
            304402063,
            282740582,
            281231021,
            254761198,
            24822596,
            247306748,
            240352657,
            232089533,
            2239040559,
            223904055,
            203282436,
            189606557,
            181092899,
            172475911,
            163819991,
            155142593,
            1396671590,
            126306493,
            121110398,
            783860256,
            743531066,
            651000080,
            425478575,
            421200709,
            4150278589,
            4106403554,
            410640355,
            409623022,
            408939020,
            405265348,
            3992072443,
            399207244,
            3759626681,
            375962668,
            3753195771,
            375319577,
            3674894979,
            367489497,
            365667783,
            345128487,
            344524482,
            336664500,
            318810410,
            2942673292,
            294267329,
            293013074,
            275245424,
            268573250,
            257048062,
            256943777,
            253002844,
            238751667,
            2320895337,
            2142866372,
            184535844,
            174434982,
            169378200,
            169244341,
            165093706,
            1530728910,
            153072891,
            148733998,
            136583796,
            1279628385,
            127962838,
            117590369,
            3319484391,
            2247480120,
            1224569551,
            990884690,
            976643718,
            916708661,
            888751157,
            849497525,
            816708696,
            812534312,
            808710376,
            793068968,
            790162971,
            725507535,
            672472242,
            623354273,
            611287653,
            589758481,
            514021227,
            480712438,
            4262620876,
            4241200219,
            4233806017,
            4221644181,
            4219004992,
            4158066544,
            4118037405,
            4103308168,
            4033994802,
            3954909361,
            3931730054,
            3901218750,
            3840137105,
            3836366251,
            3787814863,
            3723364950,
            3708390962,
            3702910462,
            367804308,
            3667782147,
            362938703,
            3626267639,
            3622406389,
            3596585811,
            3589940986,
            3551613260,
            3488008018,
            3481560962,
            3436426956,
            3275528552,
            3263020047,
            3167998489,
            3147487947,
            3046300810,
            3045029036,
            2921229790,
            2896526527,
            2882159780,
            2878507755,
            2858828621,
            2848081354,
            2836576495,
            2827405825,
            2827305162,
            2816550309,
            2812310218,
            2754419853,
            2726574371,
            27226838,
            2646204532,
            2606649554,
            2552283237,
            2515946546,
            2464609700,
            2455984970,
            2369129128,
            2360694828,
            23602098,
            2340583153,
            228623918,
            2224731503,
            211669219,
            2079285503,
            2073870217,
            2060103287,
            2045248141,
            204021519,
            1976329341,
            1952089671,
            1894790560,
            188829372,
            1875197636,
            1866221101,
            1858483537,
            1856145936,
            1828031026,
            1810928999,
            1766837126,
            1753489884,
            1744897460,
            1721614496,
            1706710579,
            1702029946,
            1649555474,
            1605079691,
            1592829667,
            1591022154,
            1560905162,
            1558971993,
            1487339980,
            1460514376,
            1432029525,
            1398645751,
            1346661893,
            1284423720,
            1268427504,
            1261699421,
            1254511241,
            1239835490,
            121521500,
            119007955,
            1189023174,
            1169649808,
            1082601586,
            1056987749,
            102903346
        ]
    }
]

