<oplus-config>
    <!-- brightness feature -->
    <oplus-feature name="oplus.software.display.screen_gloablehbm_support"/>
    <oplus-feature name="oplus.software.display.autobrightctl_animation_support"/>
    <oplus-feature name="oplus.software.display.multibits_dimming_support"/>
    <oplus-feature name="oplus.software.display.brightness_mode_automatic"/>
    <oplus-feature name="oplus.software.display.enhance_brightness_with_uidimming" />
    <!-- colormode feature -->
    <oplus-feature name="oplus.software.display.colormode_calibrate_support" />
    <oplus-feature name="oplus.software.display.colormode_support"/>
    <!-- Add for display calbrication 100APL   -->
    <oplus-feature name="oplus.software.display.screen_calibrate_100apl"/>
    <!-- aod feature -->
    <oplus-feature name="oplus.software.display.aod_support"/>
    <oplus-feature name="oplus.software.display.aod_prevent_burn_support"/>
    <!-- colorball feature -->
    <oplus-feature name="oplus.software.display.rgb_ball_support" />
    <!-- Add for Game Color Enhance 1.0   -->
    <oplus-feature name="oplus.software.display.game_color_enhance_1.0"/>
    <!-- eyeprotect feature-->
    <oplus-feature name="oplus.software.display.dual_sensor_support" />
    <oplus-feature name="oplus.software.display.intelligent_color_temperature_support" />
    <oplus-feature name="oplus.software.display.smart_color_temperature_rhythm_health_support" />
    <oplus-feature name="oplus.software.display.lock_color_temperature_in_drag_brightness_bar_support"/>
    <oplus-feature name="oplus.software.display.rgb_ball_support" />
    <oplus-feature name="oplus.software.display.eyeprotect_with_upgrade_ui"/>
    <oplus-feature name="oplus.software.display.customize_comfortable_rhythm_support" />
    <!-- Add for dual light sensor support-->
    <oplus-feature name="oplus.software.display.dual_lightsensor_support"/>
    <oplus-feature name="oplus.software.display.screen_heteromorphism"/>
    <!-- Add for game dark eyeprotect -->
    <oplus-feature name="oplus.software.display.game_dark_eyeprotect_support"/>
    <!-- Add for reduce white point -->
    <oplus-feature name="oplus.software.display.reduce_white_point"/>
    <!-- AI eye protect 1.0 -->
    <oplus-feature name="oplus.software.display.ai_eyeprotect_v1_support"/>
    <!-- WuZhiQiang@MULTIMEDIA.DISPLAY.SF, 2025/06/24,add for Framerate feature -->
    <oplus-feature name="oplus.software.display.dynamic_fps_switch" />
    <oplus-feature name="oplus.software.display.refreshrate_default_smart"/>
    <oplus-feature name="oplus.software.display.multi_device_decrease_refresh_rate"/>
    <!-- ZhaiFengShuo@MULTIMEDIA.DISPLAY.SF, 2025/06/26, Add for resoultionsiwtch feature -->
    <oplus-feature name="oplus.software.display.resolution_switch_support" />
    <oplus-feature name="oplus.software.app_resolution_switch" />
    <!-- Add for game dark eyeprotect -->
    <oplus-feature name="oplus.software.display.game_dark_eyeprotect_support"/>
	<!-- feature dsr -->
    <oplus-feature name="oplus.software.display.dsr_support"/>
</oplus-config>
